metric,mean_diff,ci_lo,ci_hi
Hit@5,-0.08866433947561757,-0.08953403753311574,-0.08779464141811939
AvgRating,-0.3529693672923741,-0.35514955062214076,-0.35078918396260744
Tu,0.7528884326197246,0.7493811742808244,0.7563956909586248
